Scenario,AUC,Thresh,Sens,Spec,PPV,NPV
Advanced,0.9683365446371227,0.5806657075881958,"0.8728323699421965, 0.8152173913043478, 0.9157412702684519","0.9444444444444444, 0.8935980243161094, 0.9882387140902873","0.967948717948718, 0.9386408392032114, 0.9933355263157895","0.794392523364486, 0.710250637213254, 0.8660714285714286"
Basic,0.9608863198458574,0.6055810451507568,"0.8323699421965318, 0.7716049382716049, 0.884621212121212","0.9444444444444444, 0.891566265060241, 0.9880987394957984","0.9664429530201343, 0.9337248995983936, 0.9930082070707071","0.7456140350877193, 0.6548672566371682, 0.8230088495575221"
None,0.9639049454078356,0.898644208908081,"0.6589595375722543, 0.5847953216374269, 0.7273138006571741","0.9666666666666667, 0.9207920792079208, 1.0","0.9743589743589743, 0.940677966101695, 1.0","0.5958904109589042, 0.5116191641895437, 0.678082191780822"
