Scenario,AUC,Thresh,Sens,Spec,PPV,NPV
Advanced,0.9739242132305717,0.16085903,"0.9367096967436196, 0.8999860335195531, 0.9695168144863267","0.9225664913396439, 0.8616649508121711, 0.975609756097561","0.9585158199145706, 0.926829268292683, 0.9878048780487805","0.8839927176961088, 0.8138678090575275, 0.9417503951230526"
Basic,0.9540783558124598,0.14761393,"0.9188161911089613, 0.8766213724547058, 0.9562968022667475","0.8903612008085948, 0.8229166666666666, 0.9512195121951219","0.940988565217399, 0.9033996212121213, 0.9743670886075949","0.8521561697178174, 0.780187969924812, 0.9166857798165137"
None,0.9652536929993577,0.1977944,"0.8673448860970951, 0.8160919540229885, 0.9171270718232044","0.9549585858493028, 0.9054018492176387, 0.9894764254385965","0.9739489305444142, 0.9470110375275937, 0.9936718812196481","0.787750010170964, 0.7090719696969697, 0.8632005689900426"
